[
  {
    "id": 1,
    "speed": 1,
    "hp": 100,
    "name": "NormalEnemy",
    "type": 1,
    "interval": 100,
    "intervalType": 1
  },
  {
    "id": 2,
    "speed": 2,
    "hp": 101,
    "name": "NormalEnemy",
    "type": 1,
    "interval": 300,
    "intervalType": 2
  },
  {
    "id": 3,
    "speed": 3,
    "hp": 102,
    "name": "NormalEnemy",
    "type": 1,
    "interval": 500,
    "intervalType": 1
  },
  {
    "id": 4,
    "speed": 4,
    "hp": 103,
    "name": "NormalEnemy",
    "type": 1,
    "interval": 700,
    "intervalType": 2
  },
  {
    "id": 5,
    "speed": 5,
    "hp": 104,
    "name": "NormalEnemy",
    "type": 1,
    "interval": 900,
    "intervalType": 1
  },
  {
    "id": 6,
    "speed": 6,
    "hp": 105,
    "name": "NormalEnemy",
    "type": 1,
    "interval": 1100,
    "intervalType": 2
  },
  {
    "id": 7,
    "speed": 7,
    "hp": 106,
    "name": "NormalEnemy",
    "type": 1,
    "interval": 1300,
    "intervalType": 1
  },
  {
    "id": 8,
    "speed": 8,
    "hp": 107,
    "name": "NormalEnemy",
    "type": 1,
    "interval": 1500,
    "intervalType": 2
  },
  {
    "id": 9,
    "speed": 9,
    "hp": 108,
    "name": "NormalEnemy",
    "type": 1,
    "interval": 1700,
    "intervalType": 1
  },
  {
    "id": 10,
    "speed": 10,
    "hp": 109,
    "name": "NormalEnemy",
    "type": 1,
    "interval": 1900,
    "intervalType": 2
  },
  {
    "id": 11,
    "speed": 11,
    "hp": 110,
    "name": "NormalEnemy",
    "type": 1,
    "interval": 2100,
    "intervalType": 1
  },
  {
    "id": 12,
    "speed": 12,
    "hp": 111,
    "name": "NormalEnemy",
    "type": 1,
    "interval": 2300,
    "intervalType": 2
  },
  {
    "id": 13,
    "speed": 13,
    "hp": 112,
    "name": "NormalEnemy",
    "type": 1,
    "interval": 2500,
    "intervalType": 1
  },
  {
    "id": 14,
    "speed": 14,
    "hp": 113,
    "name": "NormalEnemy",
    "type": 1,
    "interval": 2700,
    "intervalType": 2
  },
  {
    "id": 15,
    "speed": 15,
    "hp": 114,
    "name": "NormalEnemy",
    "type": 1,
    "interval": 2900,
    "intervalType": 1
  },
  {
    "id": 16,
    "speed": 16,
    "hp": 115,
    "name": "NormalEnemy",
    "type": 1,
    "interval": 3100,
    "intervalType": 2
  },
  {
    "id": 17,
    "speed": 17,
    "hp": 116,
    "name": "NormalEnemy",
    "type": 1,
    "interval": 3300,
    "intervalType": 1
  },
  {
    "id": 18,
    "speed": 18,
    "hp": 117,
    "name": "NormalEnemy",
    "type": 1,
    "interval": 3500,
    "intervalType": 2
  },
  {
    "id": 19,
    "speed": 19,
    "hp": 118,
    "name": "NormalEnemy",
    "type": 1,
    "interval": 3700,
    "intervalType": 1
  },
  {
    "id": 20,
    "speed": 20,
    "hp": 119,
    "name": "NormalEnemy",
    "type": 1,
    "interval": 3900,
    "intervalType": 2
  },
  {
    "id": 21,
    "speed": 21,
    "hp": 120,
    "name": "NormalEnemy",
    "type": 1,
    "interval": 4100,
    "intervalType": 1
  },
  {
    "id": 22,
    "speed": 22,
    "hp": 121,
    "name": "NormalEnemy",
    "type": 1,
    "interval": 4300,
    "intervalType": 2
  },
  {
    "id": 23,
    "speed": 23,
    "hp": 122,
    "name": "NormalEnemy",
    "type": 1,
    "interval": 4500,
    "intervalType": 1
  },
  {
    "id": 24,
    "speed": 24,
    "hp": 123,
    "name": "NormalEnemy",
    "type": 1,
    "interval": 4700,
    "intervalType": 2
  },
  {
    "id": 25,
    "speed": 25,
    "hp": 124,
    "name": "NormalEnemy",
    "type": 1,
    "interval": 4900,
    "intervalType": 1
  },
  {
    "id": 26,
    "speed": 26,
    "hp": 125,
    "name": "NormalEnemy",
    "type": 1,
    "interval": 5100,
    "intervalType": 2
  },
  {
    "id": 27,
    "speed": 27,
    "hp": 126,
    "name": "NormalEnemy",
    "type": 1,
    "interval": 5300,
    "intervalType": 1
  },
  {
    "id": 28,
    "speed": 28,
    "hp": 127,
    "name": "NormalEnemy",
    "type": 1,
    "interval": 5500,
    "intervalType": 2
  },
  {
    "id": 29,
    "speed": 29,
    "hp": 128,
    "name": "NormalEnemy",
    "type": 1,
    "interval": 5700,
    "intervalType": 3
  },
  {
    "id": 30,
    "speed": 30,
    "hp": 129,
    "name": "NormalEnemy",
    "type": 1,
    "interval": 5900,
    "intervalType": 4
  },
  {
    "id": 31,
    "speed": 31,
    "hp": 130,
    "name": "NormalEnemy",
    "type": 1,
    "interval": 6100,
    "intervalType": 5
  },
  {
    "id": 32,
    "speed": 32,
    "hp": 131,
    "name": "NormalEnemy",
    "type": 1,
    "interval": 6300,
    "intervalType": 6
  },
  {
    "id": 33,
    "speed": 33,
    "hp": 132,
    "name": "NormalEnemy",
    "type": 1,
    "interval": 6500,
    "intervalType": 7
  },
  {
    "id": 34,
    "speed": 34,
    "hp": 133,
    "name": "NormalEnemy",
    "type": 1,
    "interval": 6700,
    "intervalType": 8
  },
  {
    "id": 35,
    "speed": 35,
    "hp": 134,
    "name": "NormalEnemy",
    "type": 1,
    "interval": 6900,
    "intervalType": 9
  },
  {
    "id": 36,
    "speed": 36,
    "hp": 135,
    "name": "NormalEnemy",
    "type": 1,
    "interval": 7100,
    "intervalType": 10
  },
  {
    "id": 37,
    "speed": 37,
    "hp": 136,
    "name": "NormalEnemy",
    "type": 1,
    "interval": 7300,
    "intervalType": 11
  },
  {
    "id": 38,
    "speed": 38,
    "hp": 137,
    "name": "NormalEnemy",
    "type": 1,
    "interval": 7500,
    "intervalType": 12
  },
  {
    "id": 39,
    "speed": 39,
    "hp": 138,
    "name": "NormalEnemy",
    "type": 1,
    "interval": 7700,
    "intervalType": 13
  },
  {
    "id": 40,
    "speed": 40,
    "hp": 139,
    "name": "NormalEnemy",
    "type": 1,
    "interval": 7900,
    "intervalType": 14
  },
  {
    "id": 41,
    "speed": 41,
    "hp": 140,
    "name": "NormalEnemy",
    "type": 1,
    "interval": 8100,
    "intervalType": 15
  },
  {
    "id": 42,
    "speed": 42,
    "hp": 141,
    "name": "NormalEnemy",
    "type": 1,
    "interval": 8300,
    "intervalType": 16
  },
  {
    "id": 43,
    "speed": 43,
    "hp": 142,
    "name": "NormalEnemy",
    "type": 1,
    "interval": 8500,
    "intervalType": 17
  },
  {
    "id": 44,
    "speed": 44,
    "hp": 143,
    "name": "NormalEnemy",
    "type": 1,
    "interval": 8700,
    "intervalType": 18
  },
  {
    "id": 45,
    "speed": 45,
    "hp": 144,
    "name": "NormalEnemy",
    "type": 1,
    "interval": 8900,
    "intervalType": 19
  },
  {
    "id": 46,
    "speed": 46,
    "hp": 145,
    "name": "NormalEnemy",
    "type": 1,
    "interval": 9100,
    "intervalType": 20
  },
  {
    "id": 47,
    "speed": 47,
    "hp": 146,
    "name": "NormalEnemy",
    "type": 1,
    "interval": 9300,
    "intervalType": 21
  },
  {
    "id": 48,
    "speed": 48,
    "hp": 147,
    "name": "NormalEnemy",
    "type": 1,
    "interval": 9500,
    "intervalType": 22
  },
  {
    "id": 49,
    "speed": 49,
    "hp": 148,
    "name": "NormalEnemy",
    "type": 1,
    "interval": 9700,
    "intervalType": 23
  },
  {
    "id": 50,
    "speed": 50,
    "hp": 149,
    "name": "NormalEnemy",
    "type": 1,
    "interval": 9900,
    "intervalType": 24
  },
  {
    "id": 51,
    "speed": 51,
    "hp": 150,
    "name": "NormalEnemy",
    "type": 1,
    "interval": 10100,
    "intervalType": 25
  },
  {
    "id": 52,
    "speed": 52,
    "hp": 151,
    "name": "NormalEnemy",
    "type": 1,
    "interval": 10300,
    "intervalType": 26
  },
  {
    "id": 53,
    "speed": 53,
    "hp": 152,
    "name": "NormalEnemy",
    "type": 1,
    "interval": 10500,
    "intervalType": 27
  },
  {
    "id": 54,
    "speed": 54,
    "hp": 153,
    "name": "NormalEnemy",
    "type": 1,
    "interval": 10700,
    "intervalType": 28
  },
  {
    "id": 55,
    "speed": 55,
    "hp": 154,
    "name": "NormalEnemy",
    "type": 1,
    "interval": 10900,
    "intervalType": 29
  },
  {
    "id": 56,
    "speed": 56,
    "hp": 155,
    "name": "NormalEnemy",
    "type": 1,
    "interval": 11100,
    "intervalType": 30
  },
  {
    "id": 57,
    "speed": 57,
    "hp": 156,
    "name": "NormalEnemy",
    "type": 1,
    "interval": 11300,
    "intervalType": 31
  },
  {
    "id": 58,
    "speed": 58,
    "hp": 157,
    "name": "NormalEnemy",
    "type": 1,
    "interval": 11500,
    "intervalType": 32
  },
  {
    "id": 59,
    "speed": 59,
    "hp": 158,
    "name": "NormalEnemy",
    "type": 1,
    "interval": 11700,
    "intervalType": 33
  },
  {
    "id": 60,
    "speed": 60,
    "hp": 159,
    "name": "NormalEnemy",
    "type": 1,
    "interval": 11900,
    "intervalType": 34
  }
]