[
  {
    "id": 1,
    "type": "1",
    "name": "NormalTower",
    "path": "NormalTower",
    "level": 1,
    "radius": 3,
    "power": 10,
    "CD": 300,
    "prices": 20
  },
  {
    "id": 2,
    "type": "2",
    "name": "NormalTower",
    "path": "NormalTower",
    "level": 2,
    "radius": 4,
    "power": 12,
    "CD": 200,
    "prices": 30
  },
  {
    "id": 3,
    "type": "3",
    "name": "NormalTower",
    "path": "NormalTower",
    "level": 3,
    "radius": 6,
    "power": 15,
    "CD": 100,
    "prices": 50
  }
]